<?xml version="1.0" encoding="UTF-8"?>
<project-private xmlns="http://www.netbeans.org/ns/project-private/1">
    <editor-bookmarks xmlns="http://www.netbeans.org/ns/editor-bookmarks/2" lastBookmarkId="0"/>
    <open-files xmlns="http://www.netbeans.org/ns/projectui-open-files/2">
        <group>
            <file>file:/C:/Users/ASUS/Documents/1402023018/LastProjectPBO/LastProjectPBO/src/lastprojectpbo/checkOutSuper.java</file>
            <file>file:/C:/Users/ASUS/Documents/1402023018/LastProjectPBO/LastProjectPBO/src/lastprojectpbo/checkOut.java</file>
            <file>file:/C:/Users/ASUS/Documents/1402023018/LastProjectPBO/LastProjectPBO/src/lastprojectpbo/kamarSuperior.java</file>
            <file>file:/C:/Users/ASUS/Documents/1402023018/LastProjectPBO/LastProjectPBO/src/lastprojectpbo/kamarStandar.java</file>
            <file>file:/C:/Users/ASUS/Documents/1402023018/LastProjectPBO/LastProjectPBO/src/lastprojectpbo/Signup.java</file>
            <file>file:/C:/Users/ASUS/Documents/1402023018/LastProjectPBO/LastProjectPBO/src/lastprojectpbo/MainPage_1.java</file>
            <file>file:/C:/Users/ASUS/Documents/1402023018/LastProjectPBO/LastProjectPBO/src/lastprojectpbo/Struk.java</file>
            <file>file:/C:/Users/ASUS/Documents/1402023018/LastProjectPBO/LastProjectPBO/src/lastprojectpbo/kamarDeluxe.java</file>
            <file>file:/C:/Users/ASUS/Documents/1402023018/LastProjectPBO/LastProjectPBO/src/lastprojectpbo/Login.java</file>
            <file>file:/C:/Users/ASUS/Documents/1402023018/LastProjectPBO/LastProjectPBO/src/lastprojectpbo/checkOutDeluxe.java</file>
        </group>
    </open-files>
</project-private>
